"id";"vpu_id";"decision";"avg_usage";"max_usage";"forecasted_max";"scale_percent";"itis_ticket_number";"action_status";"remarks";"run_id";"created_at";"resource_type"
2;2;"scale_down";0.73;9.03;4.71;50.0;"";"";"";"1";"2026-06-20 10:10:58";"cpu"
4;3;"scale_down";0.82;26.43;1.15;50.0;"";"";"";"2";"2026-06-20 10:10:58";"cpu"
6;4;"scale_down";2.07;26.37;1.9;50.0;"";"";"";"3";"2026-06-20 10:10:58";"cpu"
8;5;"no_change";44.65;99.87;53.65;0.0;"";"";"";"4";"2026-06-20 10:10:58";"cpu"
10;1;"scale_down";1.33;16.83;1.38;50.0;"";"";"";"5";"2026-06-20 10:12:27";"cpu"
11;6;"scale_down";10.79;37.93;28.28;50.0;"";"";"";"6";"2026-06-20 10:15:39";"cpu"
13;7;"no_change";11.47;65.83;14.89;0.0;"";"";"";"7";"2026-06-20 10:15:39";"cpu"
15;8;"scale_down";9.33;47.73;10.03;25.0;"";"";"";"8";"2026-06-20 10:15:39";"cpu"
17;9;"scale_down";2.63;41.77;3.32;50.0;"";"";"";"9";"2026-06-20 10:15:39";"cpu"
19;10;"no_change";5.61;62.97;7.29;0.0;"";"";"";"10";"2026-06-20 10:15:39";"cpu"
21;11;"no_change";34.09;68.47;39.47;0.0;"";"";"";"11";"2026-06-20 10:20:15";"cpu"
23;12;"scale_down";4.21;48.87;7.31;25.0;"";"";"";"12";"2026-06-20 10:20:15";"cpu"
25;13;"scale_down";1.02;30.13;1.46;50.0;"";"";"";"13";"2026-06-20 10:20:15";"cpu"
27;14;"scale_down";4.38;59.13;5.97;25.0;"";"";"";"14";"2026-06-20 10:20:15";"cpu"
29;15;"scale_down";1.04;24.83;1.57;50.0;"";"";"";"15";"2026-06-20 10:20:15";"cpu"
31;16;"scale_down";4.6;27.8;11.12;50.0;"";"";"";"16";"2026-06-20 10:24:56";"cpu"
33;17;"scale_down";5.43;52.27;6.98;25.0;"";"";"";"17";"2026-06-20 10:24:56";"cpu"
35;18;"scale_down";2.39;33.33;1.42;50.0;"";"";"";"18";"2026-06-20 10:24:56";"cpu"
37;19;"scale_down";2.84;45.0;6.63;25.0;"";"";"";"19";"2026-06-20 10:24:56";"cpu"
39;20;"scale_down";11.18;49.63;39.0;25.0;"";"";"";"20";"2026-06-20 10:24:56";"cpu"
41;21;"no_change";22.15;66.57;33.39;0.0;"";"";"";"21";"2026-06-20 10:29:40";"cpu"
43;22;"scale_down";3.09;42.17;2.9;50.0;"";"";"";"22";"2026-06-20 10:29:40";"cpu"
45;23;"scale_down";3.49;24.6;3.62;50.0;"";"";"";"23";"2026-06-20 10:29:40";"cpu"
47;24;"scale_down";20.8;58.97;5.16;25.0;"";"";"";"24";"2026-06-20 10:29:40";"cpu"
49;25;"scale_down";0.37;18.9;0.68;50.0;"";"";"";"25";"2026-06-20 10:29:40";"cpu"
51;26;"no_change";48.13;96.97;39.79;0.0;"";"";"";"26";"2026-06-20 10:34:21";"cpu"
53;27;"scale_down";5.87;43.87;3.6;50.0;"";"";"";"27";"2026-06-20 10:34:21";"cpu"
55;28;"no_change";7.28;62.5;9.74;0.0;"";"";"";"28";"2026-06-20 10:34:21";"cpu"
57;29;"no_change";41.49;94.1;49.17;0.0;"";"";"";"29";"2026-06-20 10:34:21";"cpu"
59;30;"scale_down";4.48;20.93;2.09;50.0;"";"";"";"30";"2026-06-20 10:34:21";"cpu"
61;31;"no_change";15.92;92.43;19.11;0.0;"";"";"";"31";"2026-06-20 10:39:00";"cpu"
63;32;"no_change";8.84;70.67;10.27;0.0;"";"";"";"32";"2026-06-20 10:39:00";"cpu"
65;33;"scale_down";1.56;15.17;2.03;50.0;"";"";"";"33";"2026-06-20 10:39:00";"cpu"
67;34;"scale_down";1.18;12.03;1.57;50.0;"";"";"";"34";"2026-06-20 10:39:00";"cpu"
69;35;"no_change";29.14;96.97;30.03;0.0;"";"";"";"35";"2026-06-20 10:39:00";"cpu"
71;36;"scale_down";4.55;44.03;5.8;50.0;"";"";"";"36";"2026-06-20 10:43:50";"cpu"
73;37;"scale_down";0.69;18.9;0.77;50.0;"";"";"";"37";"2026-06-20 10:43:50";"cpu"
75;38;"no_change";4.39;87.63;6.26;0.0;"";"";"";"38";"2026-06-20 10:43:50";"cpu"
77;39;"scale_down";1.08;26.9;1.33;50.0;"";"";"";"39";"2026-06-20 10:43:50";"cpu"
79;40;"no_change";4.12;72.0;3.61;0.0;"";"";"";"40";"2026-06-20 10:43:50";"cpu"
81;41;"scale_down";0.0;0.03;1.22;50.0;"";"";"";"41";"2026-06-20 10:48:27";"cpu"
83;42;"scale_down";1.38;39.4;3.22;50.0;"";"";"";"42";"2026-06-20 10:48:27";"cpu"
85;43;"scale_down";4.02;42.23;4.2;50.0;"";"";"";"43";"2026-06-20 10:48:27";"cpu"
87;44;"no_change";8.11;85.47;17.16;0.0;"";"";"";"44";"2026-06-20 10:48:27";"cpu"
89;45;"no_change";9.8;79.33;15.29;0.0;"";"";"";"45";"2026-06-20 10:48:27";"cpu"
91;46;"scale_down";1.27;37.53;3.12;50.0;"";"";"";"46";"2026-06-20 10:53:15";"cpu"
93;47;"no_change";13.61;88.2;12.05;0.0;"";"";"";"47";"2026-06-20 10:53:15";"cpu"
95;48;"scale_down";3.84;47.6;2.96;25.0;"";"";"";"48";"2026-06-20 10:53:15";"cpu"
97;49;"scale_down";1.57;21.13;6.21;50.0;"";"";"";"49";"2026-06-20 10:53:16";"cpu"
99;50;"scale_down";1.77;23.87;2.04;50.0;"";"";"";"50";"2026-06-20 10:53:16";"cpu"
101;51;"scale_down";2.59;31.3;3.55;50.0;"";"";"";"51";"2026-06-20 10:57:59";"cpu"
103;52;"scale_down";5.04;44.9;9.09;50.0;"";"";"";"52";"2026-06-20 10:57:59";"cpu"
105;53;"no_change";3.59;70.97;10.65;0.0;"";"";"";"53";"2026-06-20 10:57:59";"cpu"
107;54;"scale_down";0.03;6.97;0.0;50.0;"";"";"";"54";"2026-06-20 10:57:59";"cpu"
109;55;"no_change";9.41;83.63;16.79;0.0;"";"";"";"55";"2026-06-20 10:57:59";"cpu"
111;56;"scale_down";2.38;32.17;8.52;50.0;"";"";"";"56";"2026-06-20 11:02:39";"cpu"
113;57;"scale_down";4.32;55.43;4.0;25.0;"";"";"";"57";"2026-06-20 11:02:39";"cpu"
115;58;"scale_down";0.86;17.93;0.42;50.0;"";"";"";"58";"2026-06-20 11:02:39";"cpu"
117;59;"scale_down";2.16;14.47;0.68;50.0;"";"";"";"59";"2026-06-20 11:02:39";"cpu"
119;60;"scale_down";1.88;35.27;2.43;50.0;"";"";"";"60";"2026-06-20 11:02:39";"cpu"
121;61;"scale_down";1.27;33.67;1.9;50.0;"";"";"";"61";"2026-06-20 11:07:25";"cpu"
123;62;"no_change";30.82;89.3;34.15;0.0;"";"";"";"62";"2026-06-20 11:07:25";"cpu"
125;63;"scale_down";0.85;39.9;1.0;50.0;"";"";"";"63";"2026-06-20 11:07:25";"cpu"
127;64;"no_change";2.85;60.97;3.62;0.0;"";"";"";"64";"2026-06-20 11:07:25";"cpu"
129;65;"scale_down";2.71;49.6;3.21;25.0;"";"";"";"65";"2026-06-20 11:07:25";"cpu"
131;66;"scale_down";1.21;34.9;1.24;50.0;"";"";"";"66";"2026-06-20 11:12:03";"cpu"
133;67;"scale_down";1.22;25.0;1.56;50.0;"";"";"";"67";"2026-06-20 11:12:03";"cpu"
135;68;"scale_down";0.77;13.83;1.33;50.0;"";"";"";"68";"2026-06-20 11:12:03";"cpu"
137;69;"scale_down";1.99;29.37;0.96;50.0;"";"";"";"69";"2026-06-20 11:12:03";"cpu"
139;70;"no_change";3.19;77.43;5.98;0.0;"";"";"";"70";"2026-06-20 11:12:03";"cpu"
141;71;"scale_down";4.12;59.2;7.21;25.0;"";"";"";"71";"2026-06-20 11:16:57";"cpu"
143;72;"scale_down";1.54;39.5;2.12;50.0;"";"";"";"72";"2026-06-20 11:16:57";"cpu"
145;73;"scale_down";5.21;45.63;4.97;25.0;"";"";"";"73";"2026-06-20 11:16:57";"cpu"
147;74;"no_change";6.97;67.83;50.01;0.0;"";"";"";"74";"2026-06-20 11:16:57";"cpu"
149;75;"scale_down";1.3;22.67;4.35;50.0;"";"";"";"75";"2026-06-20 11:16:57";"cpu"
151;76;"scale_down";1.45;31.03;1.51;50.0;"";"";"";"76";"2026-06-20 11:21:45";"cpu"
153;77;"scale_down";12.09;58.07;20.74;25.0;"";"";"";"77";"2026-06-20 11:21:45";"cpu"
155;78;"scale_down";5.53;44.07;8.27;50.0;"";"";"";"78";"2026-06-20 11:21:45";"cpu"
157;79;"no_change";16.18;94.13;18.15;0.0;"";"";"";"79";"2026-06-20 11:21:45";"cpu"
159;80;"scale_down";4.05;52.53;6.68;25.0;"";"";"";"80";"2026-06-20 11:21:46";"cpu"
161;81;"no_change";7.12;83.83;10.59;0.0;"";"";"";"81";"2026-06-20 11:26:42";"cpu"
163;82;"no_change";6.15;75.7;10.77;0.0;"";"";"";"82";"2026-06-20 11:26:42";"cpu"
165;83;"scale_down";3.84;38.5;12.63;50.0;"";"";"";"83";"2026-06-20 11:26:42";"cpu"
167;84;"no_change";11.65;81.37;14.66;0.0;"";"";"";"84";"2026-06-20 11:26:42";"cpu"
169;85;"no_change";5.52;66.77;8.53;0.0;"";"";"";"85";"2026-06-20 11:26:42";"cpu"
171;86;"scale_down";8.85;59.07;4.45;25.0;"";"";"";"86";"2026-06-20 11:31:22";"cpu"
173;87;"scale_down";7.36;56.73;8.51;25.0;"";"";"";"87";"2026-06-20 11:31:22";"cpu"
175;88;"scale_down";13.83;51.23;2.65;25.0;"";"";"";"88";"2026-06-20 11:31:22";"cpu"
177;89;"scale_down";2.28;43.43;3.35;50.0;"";"";"";"89";"2026-06-20 11:31:22";"cpu"
179;90;"scale_down";1.85;52.53;2.93;25.0;"";"";"";"90";"2026-06-20 11:31:22";"cpu"
181;91;"scale_down";1.39;39.43;1.98;50.0;"";"";"";"91";"2026-06-20 11:36:08";"cpu"
183;92;"scale_down";1.13;12.3;1.55;50.0;"";"";"";"92";"2026-06-20 11:36:08";"cpu"
185;93;"no_change";27.76;75.0;36.93;0.0;"";"";"";"93";"2026-06-20 11:36:08";"cpu"
187;94;"scale_down";5.47;42.97;5.49;50.0;"";"";"";"94";"2026-06-20 11:36:08";"cpu"
189;95;"scale_down";3.87;49.7;5.54;25.0;"";"";"";"95";"2026-06-20 11:36:08";"cpu"
191;96;"scale_down";3.49;32.63;4.02;50.0;"";"";"";"96";"2026-06-20 11:41:15";"cpu"
193;97;"scale_down";3.78;43.0;4.19;50.0;"";"";"";"97";"2026-06-20 11:41:15";"cpu"
195;98;"scale_down";3.3;40.57;3.05;50.0;"";"";"";"98";"2026-06-20 11:41:16";"cpu"
197;99;"scale_down";2.34;45.3;2.14;25.0;"";"";"";"99";"2026-06-20 11:41:16";"cpu"
199;100;"scale_down";0.38;21.17;0.58;50.0;"";"";"";"100";"2026-06-20 11:41:16";"cpu"
201;101;"scale_down";4.09;45.07;5.82;25.0;"";"";"";"101";"2026-06-20 11:45:48";"cpu"
203;102;"scale_down";4.22;26.23;2.4;50.0;"";"";"";"102";"2026-06-20 11:45:48";"cpu"
205;103;"scale_down";5.04;48.57;3.73;25.0;"";"";"";"103";"2026-06-20 11:45:48";"cpu"
207;104;"scale_down";0.49;22.27;1.5;50.0;"";"";"";"104";"2026-06-20 11:45:48";"cpu"
209;105;"scale_down";3.95;48.97;4.32;25.0;"";"";"";"105";"2026-06-20 11:45:48";"cpu"
211;106;"scale_down";3.96;40.13;7.14;50.0;"";"";"";"106";"2026-06-20 11:50:30";"cpu"
213;107;"scale_down";1.82;38.0;4.79;50.0;"";"";"";"107";"2026-06-20 11:50:30";"cpu"
215;108;"scale_down";2.13;27.1;1.08;50.0;"";"";"";"108";"2026-06-20 11:50:30";"cpu"
217;109;"scale_down";4.73;28.43;7.1;50.0;"";"";"";"109";"2026-06-20 11:50:30";"cpu"
219;110;"no_change";31.2;77.63;47.04;0.0;"";"";"";"110";"2026-06-20 11:50:30";"cpu"
221;111;"no_change";28.69;66.67;28.24;0.0;"";"";"";"111";"2026-06-20 11:55:06";"cpu"
223;112;"no_change";36.69;68.07;36.83;0.0;"";"";"";"112";"2026-06-20 11:55:06";"cpu"
225;113;"no_change";17.05;76.37;21.49;0.0;"";"";"";"113";"2026-06-20 11:55:06";"cpu"
227;114;"scale_down";2.82;50.7;4.19;25.0;"";"";"";"114";"2026-06-20 11:55:06";"cpu"
229;115;"scale_down";2.36;41.9;3.1;50.0;"";"";"";"115";"2026-06-20 11:55:06";"cpu"
231;116;"scale_down";3.76;46.8;6.37;25.0;"";"";"";"116";"2026-06-20 11:59:49";"cpu"
233;117;"no_change";3.75;72.17;4.67;0.0;"";"";"";"117";"2026-06-20 11:59:49";"cpu"
235;118;"scale_down";5.46;51.43;6.61;25.0;"";"";"";"118";"2026-06-20 11:59:49";"cpu"
237;119;"scale_down";1.75;48.07;1.84;25.0;"";"";"";"119";"2026-06-20 11:59:49";"cpu"
239;120;"scale_down";11.02;52.03;16.98;25.0;"";"";"";"120";"2026-06-20 11:59:49";"cpu"
241;121;"scale_down";3.28;38.73;3.95;50.0;"";"";"";"121";"2026-06-20 12:04:24";"cpu"
243;122;"scale_down";1.85;26.33;2.6;50.0;"";"";"";"122";"2026-06-20 12:04:24";"cpu"
245;123;"no_change";9.64;64.2;20.27;0.0;"";"";"";"123";"2026-06-20 12:04:24";"cpu"
247;124;"scale_down";4.43;31.47;1.91;50.0;"";"";"";"124";"2026-06-20 12:04:24";"cpu"
249;125;"scale_down";0.8;24.17;3.15;50.0;"";"";"";"125";"2026-06-20 12:04:24";"cpu"
251;126;"scale_down";0.6;29.77;0.6;50.0;"";"";"";"126";"2026-06-20 12:09:04";"cpu"
253;127;"scale_down";2.2;34.17;2.74;50.0;"";"";"";"127";"2026-06-20 12:09:04";"cpu"
255;128;"scale_down";0.19;12.8;0.38;50.0;"";"";"";"128";"2026-06-20 12:09:04";"cpu"
257;129;"no_change";4.81;96.37;8.78;0.0;"";"";"";"129";"2026-06-20 12:09:04";"cpu"
259;130;"scale_down";4.18;39.47;5.01;50.0;"";"";"";"130";"2026-06-20 12:09:04";"cpu"
261;131;"scale_down";4.82;53.13;6.66;25.0;"";"";"";"131";"2026-06-20 12:13:47";"cpu"
263;132;"no_change";11.53;88.7;13.51;0.0;"";"";"";"132";"2026-06-20 12:13:47";"cpu"
265;133;"scale_down";5.86;35.0;9.83;50.0;"";"";"";"133";"2026-06-20 12:13:47";"cpu"
267;134;"scale_down";7.48;46.93;26.37;25.0;"";"";"";"134";"2026-06-20 12:13:47";"cpu"
269;135;"scale_down";2.84;45.2;2.81;25.0;"";"";"";"135";"2026-06-20 12:13:47";"cpu"
271;136;"scale_down";6.48;32.1;10.47;50.0;"";"";"";"136";"2026-06-20 12:18:40";"cpu"
273;137;"scale_down";10.2;55.7;32.36;25.0;"";"";"";"137";"2026-06-20 12:18:40";"cpu"
275;138;"scale_down";4.43;45.0;5.24;25.0;"";"";"";"138";"2026-06-20 12:18:40";"cpu"
277;139;"scale_down";3.16;48.63;5.82;25.0;"";"";"";"139";"2026-06-20 12:18:40";"cpu"
279;140;"scale_down";3.65;48.03;11.85;25.0;"";"";"";"140";"2026-06-20 12:18:40";"cpu"
281;141;"scale_down";7.09;53.9;8.54;25.0;"";"";"";"141";"2026-06-20 12:23:23";"cpu"
283;142;"scale_down";7.9;52.47;7.42;25.0;"";"";"";"142";"2026-06-20 12:23:23";"cpu"
285;143;"scale_down";16.96;51.5;1.8;25.0;"";"";"";"143";"2026-06-20 12:23:23";"cpu"
287;144;"scale_down";6.41;48.23;18.06;25.0;"";"";"";"144";"2026-06-20 12:23:23";"cpu"
289;145;"scale_down";2.4;37.27;3.5;50.0;"";"";"";"145";"2026-06-20 12:23:23";"cpu"
291;146;"scale_down";2.92;30.13;1.6;50.0;"";"";"";"146";"2026-06-20 12:27:52";"cpu"
293;147;"scale_down";1.67;30.0;1.33;50.0;"";"";"";"147";"2026-06-20 12:27:53";"cpu"
295;148;"scale_down";0.4;24.87;1.06;50.0;"";"";"";"148";"2026-06-20 12:27:53";"cpu"
297;149;"scale_down";0.48;9.97;0.77;50.0;"";"";"";"149";"2026-06-20 12:27:53";"cpu"
299;150;"scale_down";4.51;24.87;9.35;50.0;"";"";"";"150";"2026-06-20 12:27:53";"cpu"
301;151;"scale_down";8.53;51.17;2.08;25.0;"";"";"";"151";"2026-06-20 12:32:32";"cpu"
303;152;"scale_down";1.24;13.7;1.23;50.0;"";"";"";"152";"2026-06-20 12:32:32";"cpu"
305;153;"scale_down";0.73;19.47;1.05;50.0;"";"";"";"153";"2026-06-20 12:32:32";"cpu"
307;154;"scale_down";2.2;45.47;2.14;25.0;"";"";"";"154";"2026-06-20 12:32:32";"cpu"
309;155;"scale_down";2.72;51.1;4.78;25.0;"";"";"";"155";"2026-06-20 12:32:32";"cpu"
311;156;"no_change";2.0;37.8;89.31;0.0;"";"";"";"156";"2026-06-20 12:37:28";"cpu"
313;157;"scale_down";1.25;31.47;1.42;50.0;"";"";"";"157";"2026-06-20 12:37:28";"cpu"
315;158;"scale_down";3.78;38.23;5.52;50.0;"";"";"";"158";"2026-06-20 12:37:28";"cpu"
317;159;"scale_down";2.83;21.7;3.33;50.0;"";"";"";"159";"2026-06-20 12:37:28";"cpu"
319;160;"scale_down";3.12;30.77;4.7;50.0;"";"";"";"160";"2026-06-20 12:37:28";"cpu"
321;161;"scale_down";3.45;53.6;5.1;25.0;"";"";"";"161";"2026-06-20 12:42:22";"cpu"
323;162;"no_change";4.16;66.37;4.45;0.0;"";"";"";"162";"2026-06-20 12:42:22";"cpu"
325;163;"no_change";4.75;68.0;9.36;0.0;"";"";"";"163";"2026-06-20 12:42:22";"cpu"
327;164;"scale_down";5.69;44.47;9.84;50.0;"";"";"";"164";"2026-06-20 12:42:22";"cpu"
329;165;"no_change";2.86;60.27;3.49;0.0;"";"";"";"165";"2026-06-20 12:42:22";"cpu"
331;166;"scale_down";2.72;41.43;46.67;25.0;"";"";"";"166";"2026-06-20 12:47:12";"cpu"
333;167;"scale_down";3.13;41.87;4.11;50.0;"";"";"";"167";"2026-06-20 12:47:12";"cpu"
335;168;"scale_down";3.06;36.6;2.67;50.0;"";"";"";"168";"2026-06-20 12:47:12";"cpu"
337;169;"scale_down";2.24;43.5;2.92;50.0;"";"";"";"169";"2026-06-20 12:47:12";"cpu"
339;170;"scale_down";2.14;24.17;4.31;50.0;"";"";"";"170";"2026-06-20 12:47:12";"cpu"
341;171;"scale_down";2.0;40.7;3.86;50.0;"";"";"";"171";"2026-06-20 12:51:42";"cpu"
343;172;"scale_down";0.79;28.13;0.98;50.0;"";"";"";"172";"2026-06-20 12:51:42";"cpu"
345;173;"scale_down";3.25;42.17;4.52;50.0;"";"";"";"173";"2026-06-20 12:51:42";"cpu"
347;174;"scale_down";4.5;39.57;4.36;50.0;"";"";"";"174";"2026-06-20 12:51:42";"cpu"
349;175;"scale_down";5.87;58.37;7.2;25.0;"";"";"";"175";"2026-06-20 12:51:42";"cpu"
351;176;"scale_down";11.07;50.63;8.85;25.0;"";"";"";"176";"2026-06-20 12:56:23";"cpu"
353;177;"scale_down";1.95;37.6;1.66;50.0;"";"";"";"177";"2026-06-20 12:56:23";"cpu"
355;178;"scale_down";4.66;37.17;5.53;50.0;"";"";"";"178";"2026-06-20 12:56:23";"cpu"
357;179;"no_change";12.4;79.8;16.13;0.0;"";"";"";"179";"2026-06-20 12:56:23";"cpu"
359;180;"scale_down";3.28;41.6;4.93;50.0;"";"";"";"180";"2026-06-20 12:56:23";"cpu"
361;181;"scale_down";3.65;40.97;10.48;50.0;"";"";"";"181";"2026-06-20 13:01:11";"cpu"
363;182;"scale_down";4.76;41.93;6.35;50.0;"";"";"";"182";"2026-06-20 13:01:11";"cpu"
365;183;"scale_down";1.65;35.3;3.95;50.0;"";"";"";"183";"2026-06-20 13:01:11";"cpu"
367;184;"scale_down";4.41;45.27;3.56;25.0;"";"";"";"184";"2026-06-20 13:01:11";"cpu"
369;185;"scale_down";3.75;38.5;6.61;50.0;"";"";"";"185";"2026-06-20 13:01:11";"cpu"
371;186;"no_change";5.31;63.7;6.24;0.0;"";"";"";"186";"2026-06-20 13:05:45";"cpu"
373;187;"no_change";3.6;63.7;4.23;0.0;"";"";"";"187";"2026-06-20 13:05:45";"cpu"
375;188;"no_change";9.46;74.1;4.96;0.0;"";"";"";"188";"2026-06-20 13:05:45";"cpu"
377;189;"scale_down";6.39;45.1;12.58;25.0;"";"";"";"189";"2026-06-20 13:05:45";"cpu"
379;190;"scale_down";4.56;49.63;6.14;25.0;"";"";"";"190";"2026-06-20 13:05:45";"cpu"
381;191;"scale_down";6.29;49.0;7.92;25.0;"";"";"";"191";"2026-06-20 13:10:37";"cpu"
383;192;"scale_down";5.5;54.97;7.44;25.0;"";"";"";"192";"2026-06-20 13:10:37";"cpu"
385;193;"scale_down";5.5;52.07;16.64;25.0;"";"";"";"193";"2026-06-20 13:10:37";"cpu"
387;194;"scale_down";4.76;49.4;10.04;25.0;"";"";"";"194";"2026-06-20 13:10:37";"cpu"
389;195;"scale_down";3.88;27.83;2.46;50.0;"";"";"";"195";"2026-06-20 13:10:37";"cpu"
391;196;"scale_down";0.14;9.1;0.35;50.0;"";"";"";"196";"2026-06-20 13:15:17";"cpu"
393;197;"scale_down";1.99;31.9;2.68;50.0;"";"";"";"197";"2026-06-20 13:15:17";"cpu"
395;198;"scale_down";2.46;22.77;1.22;50.0;"";"";"";"198";"2026-06-20 13:15:17";"cpu"
397;199;"no_change";21.95;87.37;23.42;0.0;"";"";"";"199";"2026-06-20 13:15:17";"cpu"
399;200;"scale_down";6.6;25.4;11.36;50.0;"";"";"";"200";"2026-06-20 13:15:17";"cpu"
401;201;"scale_down";8.26;55.07;9.72;25.0;"";"";"";"201";"2026-06-20 13:20:19";"cpu"
403;202;"scale_down";7.68;56.23;8.7;25.0;"";"";"";"202";"2026-06-20 13:20:20";"cpu"
405;203;"scale_down";5.02;49.17;3.16;25.0;"";"";"";"203";"2026-06-20 13:20:20";"cpu"
407;204;"scale_down";5.44;49.93;17.73;25.0;"";"";"";"204";"2026-06-20 13:20:20";"cpu"
409;205;"scale_down";4.81;41.43;22.16;50.0;"";"";"";"205";"2026-06-20 13:20:20";"cpu"
411;206;"scale_down";0.68;26.3;1.46;50.0;"";"";"";"206";"2026-06-20 13:25:02";"cpu"
413;207;"scale_down";4.73;38.77;5.95;50.0;"";"";"";"207";"2026-06-20 13:25:02";"cpu"
415;208;"scale_down";0.26;15.8;0.59;50.0;"";"";"";"208";"2026-06-20 13:25:02";"cpu"
417;209;"scale_down";0.36;17.87;0.33;50.0;"";"";"";"209";"2026-06-20 13:25:02";"cpu"
419;210;"scale_down";0.64;24.63;0.74;50.0;"";"";"";"210";"2026-06-20 13:25:02";"cpu"
421;211;"scale_down";0.3;16.03;0.47;50.0;"";"";"";"211";"2026-06-20 13:29:36";"cpu"
423;212;"scale_down";0.76;18.53;0.4;50.0;"";"";"";"212";"2026-06-20 13:29:36";"cpu"
425;213;"scale_down";0.97;16.33;1.09;50.0;"";"";"";"213";"2026-06-20 13:29:36";"cpu"
427;214;"scale_down";2.48;25.1;1.67;50.0;"";"";"";"214";"2026-06-20 13:29:36";"cpu"
429;215;"no_change";8.85;73.1;28.84;0.0;"";"";"";"215";"2026-06-20 13:29:36";"cpu"
431;216;"scale_down";4.47;56.5;5.89;25.0;"";"";"";"216";"2026-06-20 13:34:32";"cpu"
433;217;"scale_down";2.03;24.6;3.62;50.0;"";"";"";"217";"2026-06-20 13:34:32";"cpu"
435;218;"scale_down";1.22;21.93;1.87;50.0;"";"";"";"218";"2026-06-20 13:34:32";"cpu"
437;219;"scale_down";1.38;22.67;1.7;50.0;"";"";"";"219";"2026-06-20 13:34:32";"cpu"
439;220;"scale_down";5.67;48.53;5.93;25.0;"";"";"";"220";"2026-06-20 13:34:32";"cpu"
441;221;"no_change";14.93;97.83;23.97;0.0;"";"";"";"221";"2026-06-20 13:39:07";"cpu"
443;222;"scale_down";14.35;35.77;0.87;50.0;"";"";"";"222";"2026-06-20 13:39:08";"cpu"
445;223;"no_change";11.35;79.47;15.34;0.0;"";"";"";"223";"2026-06-20 13:39:08";"cpu"
447;224;"scale_down";2.1;16.4;5.48;50.0;"";"";"";"224";"2026-06-20 13:39:08";"cpu"
449;225;"scale_down";3.61;59.13;1.34;25.0;"";"";"";"225";"2026-06-20 13:39:08";"cpu"
451;226;"scale_down";0.2;6.27;0.1;50.0;"";"";"";"226";"2026-06-20 13:43:52";"cpu"
453;227;"scale_down";0.03;4.9;0.1;50.0;"";"";"";"227";"2026-06-20 13:43:52";"cpu"
455;228;"scale_down";0.04;11.93;0.02;50.0;"";"";"";"228";"2026-06-20 13:43:52";"cpu"
457;229;"scale_down";0.23;14.67;0.54;50.0;"";"";"";"229";"2026-06-20 13:43:52";"cpu"
459;230;"scale_down";10.85;52.03;5.03;25.0;"";"";"";"230";"2026-06-20 13:43:52";"cpu"
461;231;"scale_down";3.31;48.63;3.72;25.0;"";"";"";"231";"2026-06-20 13:48:22";"cpu"
463;232;"scale_down";0.97;26.33;1.43;50.0;"";"";"";"232";"2026-06-20 13:48:22";"cpu"
465;233;"no_change";4.12;62.9;0.8;0.0;"";"";"";"233";"2026-06-20 13:48:22";"cpu"
467;234;"scale_down";2.7;43.7;0.63;50.0;"";"";"";"234";"2026-06-20 13:48:22";"cpu"
469;235;"scale_down";1.51;18.67;0.7;50.0;"";"";"";"235";"2026-06-20 13:48:22";"cpu"
471;236;"no_change";4.88;62.07;3.7;0.0;"";"";"";"236";"2026-06-20 13:53:01";"cpu"
473;237;"scale_down";4.83;57.7;5.4;25.0;"";"";"";"237";"2026-06-20 13:53:01";"cpu"
475;238;"scale_down";1.83;22.03;1.2;50.0;"";"";"";"238";"2026-06-20 13:53:01";"cpu"
477;239;"no_change";38.55;95.6;45.91;0.0;"";"";"";"239";"2026-06-20 13:53:01";"cpu"
479;240;"scale_down";3.58;26.93;6.11;50.0;"";"";"";"240";"2026-06-20 13:53:01";"cpu"
481;241;"no_change";24.73;88.4;24.95;0.0;"";"";"";"241";"2026-06-20 13:57:57";"cpu"
483;242;"no_change";6.11;60.73;9.22;0.0;"";"";"";"242";"2026-06-20 13:57:57";"cpu"
485;243;"no_change";7.79;71.17;19.44;0.0;"";"";"";"243";"2026-06-20 13:57:57";"cpu"
487;244;"no_change";15.05;81.3;32.23;0.0;"";"";"";"244";"2026-06-20 13:57:57";"cpu"
489;245;"no_change";20.02;99.87;36.27;0.0;"";"";"";"245";"2026-06-20 13:57:57";"cpu"
491;246;"scale_down";6.3;48.67;14.23;25.0;"";"";"";"246";"2026-06-20 14:02:39";"cpu"
493;247;"no_change";9.17;65.37;17.76;0.0;"";"";"";"247";"2026-06-20 14:02:39";"cpu"
495;248;"scale_down";4.17;55.3;5.5;25.0;"";"";"";"248";"2026-06-20 14:02:39";"cpu"
497;249;"no_change";6.48;70.4;4.24;0.0;"";"";"";"249";"2026-06-20 14:02:39";"cpu"
499;250;"scale_down";12.7;55.83;5.6;25.0;"";"";"";"250";"2026-06-20 14:02:39";"cpu"
501;251;"scale_down";5.78;45.3;6.17;25.0;"";"";"";"251";"2026-06-20 14:07:32";"cpu"
503;252;"scale_down";0.96;19.93;1.1;50.0;"";"";"";"252";"2026-06-20 14:07:32";"cpu"
505;253;"scale_down";5.95;41.9;8.53;50.0;"";"";"";"253";"2026-06-20 14:07:32";"cpu"
507;254;"scale_down";7.19;52.93;8.98;25.0;"";"";"";"254";"2026-06-20 14:07:32";"cpu"
509;255;"scale_down";1.71;32.03;3.55;50.0;"";"";"";"255";"2026-06-20 14:07:33";"cpu"
511;256;"scale_down";2.52;29.97;3.22;50.0;"";"";"";"256";"2026-06-20 14:12:10";"cpu"
513;257;"scale_down";2.2;27.83;2.14;50.0;"";"";"";"257";"2026-06-20 14:12:10";"cpu"
515;258;"no_change";21.74;65.87;3.11;0.0;"";"";"";"258";"2026-06-20 14:12:10";"cpu"
517;259;"no_change";5.88;66.67;20.55;0.0;"";"";"";"259";"2026-06-20 14:12:10";"cpu"
519;260;"scale_down";1.21;43.2;1.49;50.0;"";"";"";"260";"2026-06-20 14:12:10";"cpu"
521;261;"no_change";8.42;66.33;3.27;0.0;"";"";"";"261";"2026-06-20 14:17:01";"cpu"
523;262;"no_change";7.36;75.93;6.41;0.0;"";"";"";"262";"2026-06-20 14:17:01";"cpu"
525;263;"scale_down";1.79;28.17;1.26;50.0;"";"";"";"263";"2026-06-20 14:17:01";"cpu"
527;264;"scale_down";1.26;24.27;1.13;50.0;"";"";"";"264";"2026-06-20 14:17:01";"cpu"
529;265;"scale_down";1.23;41.7;3.32;50.0;"";"";"";"265";"2026-06-20 14:17:01";"cpu"
531;266;"scale_down";4.3;34.77;10.89;50.0;"";"";"";"266";"2026-06-20 14:21:37";"cpu"
533;267;"scale_down";6.84;44.07;8.62;50.0;"";"";"";"267";"2026-06-20 14:21:37";"cpu"
535;268;"scale_down";1.64;39.5;3.83;50.0;"";"";"";"268";"2026-06-20 14:21:37";"cpu"
537;269;"scale_down";2.71;26.73;3.72;50.0;"";"";"";"269";"2026-06-20 14:21:37";"cpu"
539;270;"scale_down";0.2;12.93;0.52;50.0;"";"";"";"270";"2026-06-20 14:21:37";"cpu"
542;272;"scale_down";3.69;58.83;3.52;25.0;"";"";"";"272";"2026-06-20 14:25:57";"cpu"
544;273;"scale_down";2.41;25.23;3.36;50.0;"";"";"";"273";"2026-06-20 14:25:57";"cpu"
546;274;"scale_down";5.74;51.03;6.85;25.0;"";"";"";"274";"2026-06-20 14:25:57";"cpu"
548;275;"scale_down";1.91;33.03;0.96;50.0;"";"";"";"275";"2026-06-20 14:25:57";"cpu"
550;276;"scale_down";2.84;47.53;3.58;25.0;"";"";"";"276";"2026-06-20 14:27:26";"cpu"
552;277;"scale_down";1.56;47.33;2.12;25.0;"";"";"";"277";"2026-06-20 14:30:35";"cpu"
554;278;"scale_down";0.57;18.4;0.86;50.0;"";"";"";"278";"2026-06-20 14:30:35";"cpu"
556;279;"scale_down";0.71;17.47;1.44;50.0;"";"";"";"279";"2026-06-20 14:30:35";"cpu"
558;280;"scale_down";1.22;20.43;0.88;50.0;"";"";"";"280";"2026-06-20 14:30:35";"cpu"
560;281;"no_change";3.93;65.17;5.7;0.0;"";"";"";"281";"2026-06-20 14:32:17";"cpu"
562;282;"scale_down";1.46;27.37;1.6;50.0;"";"";"";"282";"2026-06-20 14:35:18";"cpu"
564;283;"scale_down";2.57;42.4;4.63;50.0;"";"";"";"283";"2026-06-20 14:35:19";"cpu"
566;284;"scale_down";3.92;58.1;6.35;25.0;"";"";"";"284";"2026-06-20 14:35:19";"cpu"
568;285;"no_change";8.62;81.93;12.84;0.0;"";"";"";"285";"2026-06-20 14:35:19";"cpu"
570;286;"no_change";4.28;70.23;5.07;0.0;"";"";"";"286";"2026-06-20 14:36:47";"cpu"
572;287;"scale_down";3.49;24.8;3.44;50.0;"";"";"";"287";"2026-06-20 14:39:48";"cpu"
574;288;"scale_down";1.03;10.2;2.42;50.0;"";"";"";"288";"2026-06-20 14:39:48";"cpu"
576;289;"scale_down";1.1;8.67;1.0;50.0;"";"";"";"289";"2026-06-20 14:39:48";"cpu"
578;290;"scale_down";5.3;24.0;1.2;50.0;"";"";"";"290";"2026-06-20 14:39:48";"cpu"
580;291;"scale_down";1.03;10.7;1.42;50.0;"";"";"";"291";"2026-06-20 14:41:28";"cpu"
582;292;"scale_down";7.39;59.9;3.92;25.0;"";"";"";"292";"2026-06-20 14:44:30";"cpu"
584;293;"no_change";7.8;77.8;7.2;0.0;"";"";"";"293";"2026-06-20 14:44:30";"cpu"
586;294;"scale_down";18.74;50.03;33.88;25.0;"";"";"";"294";"2026-06-20 14:44:30";"cpu"
588;295;"scale_down";15.81;59.33;1.4;25.0;"";"";"";"295";"2026-06-20 14:44:30";"cpu"
590;296;"no_change";10.06;88.2;9.11;0.0;"";"";"";"296";"2026-06-20 14:46:06";"cpu"
592;297;"scale_down";1.11;16.37;1.32;50.0;"";"";"";"297";"2026-06-20 14:49:08";"cpu"
594;298;"scale_down";2.75;22.83;1.02;50.0;"";"";"";"298";"2026-06-20 14:49:08";"cpu"
596;299;"no_change";10.49;69.03;13.45;0.0;"";"";"";"299";"2026-06-20 14:49:08";"cpu"
598;300;"scale_down";4.58;47.9;1.5;25.0;"";"";"";"300";"2026-06-20 14:49:08";"cpu"
600;301;"scale_down";4.99;38.37;6.53;50.0;"";"";"";"301";"2026-06-20 14:50:46";"cpu"
602;302;"scale_down";1.81;33.93;1.89;50.0;"";"";"";"302";"2026-06-20 14:53:47";"cpu"
604;303;"scale_down";8.19;23.9;12.04;50.0;"";"";"";"303";"2026-06-20 14:53:47";"cpu"
606;304;"no_change";21.96;80.27;28.53;0.0;"";"";"";"304";"2026-06-20 14:53:47";"cpu"
608;305;"scale_down";5.49;46.83;3.8;25.0;"";"";"";"305";"2026-06-20 14:53:47";"cpu"
610;306;"scale_down";1.18;5.07;1.0;50.0;"";"";"";"306";"2026-06-20 14:55:35";"cpu"
612;307;"scale_down";1.13;7.6;1.55;50.0;"";"";"";"307";"2026-06-20 14:58:38";"cpu"
614;308;"scale_down";2.76;18.0;2.06;50.0;"";"";"";"308";"2026-06-20 14:58:38";"cpu"
616;309;"scale_down";1.93;15.43;1.96;50.0;"";"";"";"309";"2026-06-20 14:58:38";"cpu"
618;310;"no_change";38.63;81.9;31.4;0.0;"";"";"";"310";"2026-06-20 14:58:38";"cpu"
620;311;"scale_down";5.5;49.07;1.2;25.0;"";"";"";"311";"2026-06-20 15:00:10";"cpu"
622;312;"no_change";21.25;100.0;25.39;0.0;"";"";"";"312";"2026-06-20 15:03:12";"cpu"
624;313;"scale_down";1.23;12.53;1.21;50.0;"";"";"";"313";"2026-06-20 15:03:12";"cpu"
626;314;"no_change";16.3;64.13;13.85;0.0;"";"";"";"314";"2026-06-20 15:03:12";"cpu"
628;315;"no_change";5.94;67.67;4.6;0.0;"";"";"";"315";"2026-06-20 15:03:12";"cpu"
630;316;"no_change";13.83;65.23;11.01;0.0;"";"";"";"316";"2026-06-20 15:04:50";"cpu"
632;317;"no_change";22.59;79.67;25.32;0.0;"";"";"";"317";"2026-06-20 15:07:52";"cpu"
634;318;"scale_down";5.15;23.9;5.81;50.0;"";"";"";"318";"2026-06-20 15:07:52";"cpu"
636;319;"scale_down";2.81;15.97;1.74;50.0;"";"";"";"319";"2026-06-20 15:07:52";"cpu"
638;320;"no_change";41.22;94.4;20.2;0.0;"";"";"";"320";"2026-06-20 15:07:52";"cpu"
640;321;"no_change";6.74;63.93;9.33;0.0;"";"";"";"321";"2026-06-20 15:09:27";"cpu"
642;322;"scale_down";1.82;18.13;2.51;50.0;"";"";"";"322";"2026-06-20 15:12:30";"cpu"
644;323;"scale_down";2.01;20.03;1.14;50.0;"";"";"";"323";"2026-06-20 15:12:30";"cpu"
646;324;"scale_down";2.85;30.1;2.3;50.0;"";"";"";"324";"2026-06-20 15:12:30";"cpu"
648;325;"scale_down";3.26;20.2;3.61;50.0;"";"";"";"325";"2026-06-20 15:12:30";"cpu"
650;326;"scale_down";0.2;5.5;0.0;50.0;"";"";"";"326";"2026-06-20 15:14:23";"cpu"
652;327;"scale_down";3.18;38.5;3.75;50.0;"";"";"";"327";"2026-06-20 15:17:25";"cpu"
654;328;"scale_down";1.9;4.77;2.23;50.0;"";"";"";"328";"2026-06-20 15:17:25";"cpu"
656;329;"scale_down";1.01;5.63;1.07;50.0;"";"";"";"329";"2026-06-20 15:17:25";"cpu"
658;330;"scale_down";1.06;13.1;1.27;50.0;"";"";"";"330";"2026-06-20 15:17:25";"cpu"
660;331;"scale_down";0.1;6.2;0.19;50.0;"";"";"";"331";"2026-06-20 15:18:59";"cpu"
662;332;"scale_down";0.0;2.87;0.0;50.0;"";"";"";"332";"2026-06-20 15:22:02";"cpu"
664;333;"scale_down";1.04;10.37;1.23;50.0;"";"";"";"333";"2026-06-20 15:22:02";"cpu"
666;334;"scale_down";1.04;8.83;1.14;50.0;"";"";"";"334";"2026-06-20 15:22:02";"cpu"
668;335;"scale_down";1.05;12.87;1.4;50.0;"";"";"";"335";"2026-06-20 15:22:02";"cpu"
670;336;"scale_down";1.86;25.77;1.8;50.0;"";"";"";"336";"2026-06-20 15:23:41";"cpu"
672;337;"scale_down";4.07;44.8;1.25;50.0;"";"";"";"337";"2026-06-20 15:26:44";"cpu"
674;338;"no_change";17.55;96.0;19.05;0.0;"";"";"";"338";"2026-06-20 15:26:44";"cpu"
676;339;"no_change";41.77;85.13;45.71;0.0;"";"";"";"339";"2026-06-20 15:26:44";"cpu"
678;340;"scale_down";1.98;8.57;0.89;50.0;"";"";"";"340";"2026-06-20 15:26:44";"cpu"
680;341;"scale_down";7.89;45.97;10.35;25.0;"";"";"";"341";"2026-06-20 15:28:40";"cpu"
682;342;"no_change";21.61;62.6;26.73;0.0;"";"";"";"342";"2026-06-20 15:31:43";"cpu"
684;343;"scale_down";3.21;18.5;5.1;50.0;"";"";"";"343";"2026-06-20 15:31:43";"cpu"
686;344;"no_change";42.64;86.5;48.99;0.0;"";"";"";"344";"2026-06-20 15:31:43";"cpu"
688;345;"scale_down";2.6;13.07;4.62;50.0;"";"";"";"345";"2026-06-20 15:31:43";"cpu"
690;346;"scale_down";1.94;9.67;3.03;50.0;"";"";"";"346";"2026-06-20 15:33:13";"cpu"
692;347;"scale_down";2.08;21.7;1.5;50.0;"";"";"";"347";"2026-06-20 15:36:15";"cpu"
694;348;"scale_down";1.24;17.63;1.2;50.0;"";"";"";"348";"2026-06-20 15:36:15";"cpu"
696;349;"scale_down";0.16;7.17;0.05;50.0;"";"";"";"349";"2026-06-20 15:36:15";"cpu"
698;350;"scale_down";1.13;23.57;1.0;50.0;"";"";"";"350";"2026-06-20 15:36:15";"cpu"
700;351;"scale_down";1.25;34.3;1.63;50.0;"";"";"";"351";"2026-06-20 15:38:00";"cpu"
702;352;"scale_down";3.61;11.67;3.58;50.0;"";"";"";"352";"2026-06-20 15:41:16";"cpu"
704;353;"scale_down";4.29;24.23;4.59;50.0;"";"";"";"353";"2026-06-20 15:41:16";"cpu"
706;354;"scale_down";1.16;8.87;1.67;50.0;"";"";"";"354";"2026-06-20 15:41:16";"cpu"
708;355;"scale_down";0.0;0.8;0.0;50.0;"";"";"";"355";"2026-06-20 15:41:16";"cpu"
710;356;"scale_down";1.42;12.17;1.85;50.0;"";"";"";"356";"2026-06-20 15:43:11";"cpu"
712;357;"scale_down";1.6;12.13;2.83;50.0;"";"";"";"357";"2026-06-20 15:46:22";"cpu"
714;358;"scale_down";3.7;19.33;3.85;50.0;"";"";"";"358";"2026-06-20 15:46:22";"cpu"
716;359;"scale_down";1.02;9.8;1.83;50.0;"";"";"";"359";"2026-06-20 15:46:22";"cpu"
718;360;"scale_down";2.13;32.4;2.03;50.0;"";"";"";"360";"2026-06-20 15:46:22";"cpu"
720;361;"scale_down";2.06;5.27;2.15;50.0;"";"";"";"361";"2026-06-20 15:47:52";"cpu"
722;362;"scale_down";6.22;18.63;2.25;50.0;"";"";"";"362";"2026-06-20 15:50:55";"cpu"
724;363;"scale_down";2.67;41.57;2.68;50.0;"";"";"";"363";"2026-06-20 15:50:55";"cpu"
726;364;"scale_down";1.8;30.3;1.95;50.0;"";"";"";"364";"2026-06-20 15:50:55";"cpu"
728;365;"scale_down";8.61;17.9;8.21;50.0;"";"";"";"365";"2026-06-20 15:50:55";"cpu"
730;366;"scale_down";2.15;18.87;3.01;50.0;"";"";"";"366";"2026-06-20 15:52:25";"cpu"
732;367;"scale_down";1.2;26.9;1.0;50.0;"";"";"";"367";"2026-06-20 15:55:28";"cpu"
734;368;"scale_down";1.06;14.63;1.0;50.0;"";"";"";"368";"2026-06-20 15:55:28";"cpu"
736;369;"scale_down";1.81;37.0;1.89;50.0;"";"";"";"369";"2026-06-20 15:55:28";"cpu"
738;370;"scale_down";0.9;36.07;1.31;50.0;"";"";"";"370";"2026-06-20 15:55:28";"cpu"
740;371;"scale_down";0.01;0.73;0.0;50.0;"";"";"";"371";"2026-06-20 15:57:15";"cpu"
742;372;"scale_down";0.26;2.33;0.42;50.0;"";"";"";"372";"2026-06-20 16:00:25";"cpu"
744;373;"scale_down";0.01;3.47;0.0;50.0;"";"";"";"373";"2026-06-20 16:00:25";"cpu"
746;374;"scale_down";0.31;1.8;0.33;50.0;"";"";"";"374";"2026-06-20 16:00:25";"cpu"
748;375;"scale_down";1.71;10.6;2.22;50.0;"";"";"";"375";"2026-06-20 16:00:25";"cpu"
750;376;"scale_down";2.94;20.07;3.1;50.0;"";"";"";"376";"2026-06-20 16:01:41";"cpu"
752;377;"scale_down";11.72;33.03;20.93;50.0;"";"";"";"377";"2026-06-20 16:04:10";"cpu"
754;378;"scale_down";1.14;33.7;1.53;50.0;"";"";"";"378";"2026-06-20 16:04:10";"cpu"
756;379;"scale_down";0.38;13.43;1.1;50.0;"";"";"";"379";"2026-06-20 16:04:10";"cpu"
759;381;"scale_down";0.42;20.57;1.35;50.0;"";"";"";"381";"2026-06-20 16:05:17";"cpu"
761;382;"scale_down";0.47;20.3;1.52;50.0;"";"";"";"382";"2026-06-20 16:07:47";"cpu"
763;383;"scale_down";1.07;39.3;3.21;50.0;"";"";"";"383";"2026-06-20 16:07:47";"cpu"
768;387;"scale_down";6.36;52.8;6.99;25.0;"";"";"";"387";"2026-06-20 16:09:32";"cpu"
770;388;"scale_down";5.77;39.17;1.97;50.0;"";"";"";"388";"2026-06-20 16:12:26";"cpu"
772;389;"scale_down";1.77;30.87;1.8;50.0;"";"";"";"389";"2026-06-20 16:12:26";"cpu"
774;390;"scale_down";3.18;40.5;5.35;50.0;"";"";"";"390";"2026-06-20 16:12:26";"cpu"
776;391;"scale_down";1.47;22.6;2.71;50.0;"";"";"";"391";"2026-06-20 16:14:20";"cpu"
778;392;"scale_down";2.12;36.07;2.79;50.0;"";"";"";"392";"2026-06-20 16:14:20";"cpu"
780;393;"scale_down";2.2;41.3;20.33;50.0;"";"";"";"393";"2026-06-20 16:17:13";"cpu"
782;394;"scale_down";1.6;18.87;1.14;50.0;"";"";"";"394";"2026-06-20 16:17:13";"cpu"
784;395;"scale_down";0.63;18.4;0.86;50.0;"";"";"";"395";"2026-06-20 16:17:13";"cpu"
786;396;"scale_down";1.92;32.0;1.92;50.0;"";"";"";"396";"2026-06-20 16:18:54";"cpu"
788;397;"no_change";4.85;67.33;6.38;0.0;"";"";"";"397";"2026-06-20 16:18:54";"cpu"
790;398;"scale_down";0.47;12.27;0.32;50.0;"";"";"";"398";"2026-06-20 16:21:38";"cpu"
792;399;"scale_down";0.97;25.13;1.92;50.0;"";"";"";"399";"2026-06-20 16:21:38";"cpu"
794;400;"scale_down";0.46;20.13;0.19;50.0;"";"";"";"400";"2026-06-20 16:21:39";"cpu"
796;401;"scale_down";0.11;8.43;0.68;50.0;"";"";"";"401";"2026-06-20 16:23:06";"cpu"
798;402;"scale_down";0.11;8.73;0.83;50.0;"";"";"";"402";"2026-06-20 16:23:06";"cpu"
800;403;"scale_down";0.12;10.63;0.02;50.0;"";"";"";"403";"2026-06-20 16:26:02";"cpu"
802;404;"scale_down";0.36;6.07;20.96;50.0;"";"";"";"404";"2026-06-20 16:26:02";"cpu"
804;405;"no_change";20.64;75.73;0.32;0.0;"";"";"";"405";"2026-06-20 16:26:02";"cpu"
806;406;"no_change";15.15;72.0;20.62;0.0;"";"";"";"406";"2026-06-20 16:27:41";"cpu"
808;407;"no_change";9.48;73.2;14.28;0.0;"";"";"";"407";"2026-06-20 16:27:41";"cpu"
810;408;"scale_down";0.87;22.8;0.98;50.0;"";"";"";"408";"2026-06-20 16:30:40";"cpu"
812;409;"scale_down";0.94;21.33;2.08;50.0;"";"";"";"409";"2026-06-20 16:30:40";"cpu"
814;410;"scale_down";16.0;56.77;1.89;25.0;"";"";"";"410";"2026-06-20 16:30:41";"cpu"
816;411;"scale_down";3.8;39.57;4.45;50.0;"";"";"";"411";"2026-06-20 16:32:29";"cpu"
818;412;"no_change";18.29;83.57;14.77;0.0;"";"";"";"412";"2026-06-20 16:32:29";"cpu"
820;413;"scale_down";1.75;23.97;2.68;50.0;"";"";"";"413";"2026-06-20 16:35:23";"cpu"
822;414;"scale_down";1.7;36.47;20.63;50.0;"";"";"";"414";"2026-06-20 16:35:23";"cpu"
824;415;"no_change";4.42;68.3;7.79;0.0;"";"";"";"415";"2026-06-20 16:35:23";"cpu"
826;416;"no_change";12.62;91.47;11.67;0.0;"";"";"";"416";"2026-06-20 16:37:11";"cpu"
828;417;"scale_down";0.65;29.53;1.04;50.0;"";"";"";"417";"2026-06-20 16:37:11";"cpu"
830;418;"scale_down";3.65;20.73;7.06;50.0;"";"";"";"418";"2026-06-20 16:40:29";"cpu"
832;419;"scale_down";14.69;39.9;27.9;50.0;"";"";"";"419";"2026-06-20 16:40:29";"cpu"
834;420;"scale_down";6.61;29.3;2.53;50.0;"";"";"";"420";"2026-06-20 16:40:29";"cpu"
836;421;"scale_down";4.8;41.37;5.6;50.0;"";"";"";"421";"2026-06-20 16:42:08";"cpu"
838;422;"scale_down";2.75;24.63;3.59;50.0;"";"";"";"422";"2026-06-20 16:42:08";"cpu"
840;423;"scale_down";1.27;17.4;0.2;50.0;"";"";"";"423";"2026-06-20 16:45:00";"cpu"
842;424;"no_change";4.41;89.03;3.89;0.0;"";"";"";"424";"2026-06-20 16:45:00";"cpu"
844;425;"scale_down";11.04;41.67;18.2;50.0;"";"";"";"425";"2026-06-20 16:45:00";"cpu"
846;426;"scale_down";8.15;31.37;5.47;50.0;"";"";"";"426";"2026-06-20 16:46:47";"cpu"
848;427;"no_change";7.17;60.83;1.53;0.0;"";"";"";"427";"2026-06-20 16:46:47";"cpu"
850;428;"no_change";7.32;69.87;11.13;0.0;"";"";"";"428";"2026-06-20 16:49:41";"cpu"
852;429;"scale_down";2.03;41.77;3.58;50.0;"";"";"";"429";"2026-06-20 16:49:41";"cpu"
854;430;"no_change";7.25;67.6;9.04;0.0;"";"";"";"430";"2026-06-20 16:49:41";"cpu"
856;431;"scale_down";5.75;59.5;6.99;25.0;"";"";"";"431";"2026-06-20 16:51:35";"cpu"
858;432;"scale_down";7.96;32.7;15.43;50.0;"";"";"";"432";"2026-06-20 16:51:35";"cpu"
860;433;"scale_down";1.55;16.87;8.29;50.0;"";"";"";"433";"2026-06-20 16:54:45";"cpu"
862;434;"scale_down";2.18;37.77;2.32;50.0;"";"";"";"434";"2026-06-20 16:54:45";"cpu"
864;435;"no_change";4.09;61.17;7.9;0.0;"";"";"";"435";"2026-06-20 16:54:45";"cpu"
866;436;"scale_down";1.96;29.4;2.73;50.0;"";"";"";"436";"2026-06-20 16:56:35";"cpu"
868;437;"scale_down";3.37;56.3;3.31;25.0;"";"";"";"437";"2026-06-20 16:56:35";"cpu"
870;438;"scale_down";1.04;21.13;1.79;50.0;"";"";"";"438";"2026-06-20 16:59:38";"cpu"
872;439;"scale_down";4.15;29.23;7.03;50.0;"";"";"";"439";"2026-06-20 16:59:38";"cpu"
874;440;"scale_down";2.32;36.0;3.73;50.0;"";"";"";"440";"2026-06-20 16:59:38";"cpu"
876;441;"scale_down";2.27;34.6;4.32;50.0;"";"";"";"441";"2026-06-20 17:01:29";"cpu"
878;442;"scale_down";7.62;54.9;6.57;25.0;"";"";"";"442";"2026-06-20 17:01:29";"cpu"
880;443;"scale_down";0.72;22.83;0.85;50.0;"";"";"";"443";"2026-06-20 17:04:22";"cpu"
882;444;"scale_down";3.74;46.6;3.75;25.0;"";"";"";"444";"2026-06-20 17:04:22";"cpu"
884;445;"scale_down";4.4;39.93;6.05;50.0;"";"";"";"445";"2026-06-20 17:04:22";"cpu"
886;446;"scale_down";2.73;37.77;3.94;50.0;"";"";"";"446";"2026-06-20 17:06:10";"cpu"
888;447;"scale_down";4.97;54.73;3.51;25.0;"";"";"";"447";"2026-06-20 17:06:10";"cpu"
890;448;"scale_down";1.48;29.83;3.51;50.0;"";"";"";"448";"2026-06-20 17:09:13";"cpu"
892;449;"scale_down";3.3;47.7;4.2;25.0;"";"";"";"449";"2026-06-20 17:09:13";"cpu"
894;450;"scale_down";3.57;43.57;7.57;50.0;"";"";"";"450";"2026-06-20 17:09:13";"cpu"
896;451;"scale_down";3.16;37.6;5.68;50.0;"";"";"";"451";"2026-06-20 17:11:05";"cpu"
898;452;"scale_down";13.22;57.23;36.83;25.0;"";"";"";"452";"2026-06-20 17:11:05";"cpu"
900;453;"scale_down";8.4;49.23;13.25;25.0;"";"";"";"453";"2026-06-20 17:14:22";"cpu"
902;454;"scale_down";4.19;38.5;6.01;50.0;"";"";"";"454";"2026-06-20 17:14:22";"cpu"
904;455;"scale_down";1.91;25.1;3.28;50.0;"";"";"";"455";"2026-06-20 17:14:22";"cpu"
906;456;"scale_down";2.63;25.23;8.41;50.0;"";"";"";"456";"2026-06-20 17:16:12";"cpu"
908;457;"scale_down";2.27;21.07;7.17;50.0;"";"";"";"457";"2026-06-20 17:16:12";"cpu"
910;458;"scale_down";7.65;52.2;13.32;25.0;"";"";"";"458";"2026-06-20 17:19:14";"cpu"
912;459;"no_change";16.78;82.0;31.97;0.0;"";"";"";"459";"2026-06-20 17:19:14";"cpu"
914;460;"no_change";21.09;69.47;23.1;0.0;"";"";"";"460";"2026-06-20 17:19:14";"cpu"
916;461;"scale_down";1.94;33.63;2.81;50.0;"";"";"";"461";"2026-06-20 17:21:01";"cpu"
918;462;"scale_down";2.57;51.37;6.31;25.0;"";"";"";"462";"2026-06-20 17:21:01";"cpu"
920;463;"no_change";5.98;73.83;8.36;0.0;"";"";"";"463";"2026-06-20 17:23:55";"cpu"
922;464;"no_change";5.62;69.9;10.79;0.0;"";"";"";"464";"2026-06-20 17:23:55";"cpu"
924;465;"scale_down";2.44;51.37;2.9;25.0;"";"";"";"465";"2026-06-20 17:23:55";"cpu"
926;466;"scale_down";5.66;54.2;7.44;25.0;"";"";"";"466";"2026-06-20 17:25:34";"cpu"
928;467;"scale_down";4.72;31.87;7.13;50.0;"";"";"";"467";"2026-06-20 17:25:34";"cpu"
930;468;"scale_down";4.67;27.8;7.16;50.0;"";"";"";"468";"2026-06-20 17:28:38";"cpu"
932;469;"scale_down";4.56;35.07;5.65;50.0;"";"";"";"469";"2026-06-20 17:28:38";"cpu"
934;470;"no_change";6.32;83.13;9.79;0.0;"";"";"";"470";"2026-06-20 17:28:38";"cpu"
936;471;"scale_down";13.95;58.77;33.61;25.0;"";"";"";"471";"2026-06-20 17:30:27";"cpu"
938;472;"no_change";6.4;73.43;8.32;0.0;"";"";"";"472";"2026-06-20 17:30:27";"cpu"
940;473;"no_change";41.47;96.0;48.56;0.0;"";"";"";"473";"2026-06-20 17:33:27";"cpu"
942;474;"no_change";7.73;71.67;10.5;0.0;"";"";"";"474";"2026-06-20 17:33:27";"cpu"
944;475;"no_change";7.7;69.13;10.01;0.0;"";"";"";"475";"2026-06-20 17:33:27";"cpu"
946;476;"no_change";8.53;79.83;11.88;0.0;"";"";"";"476";"2026-06-20 17:35:08";"cpu"
948;477;"no_change";43.06;97.43;12.5;0.0;"";"";"";"477";"2026-06-20 17:35:08";"cpu"
950;478;"no_change";7.47;93.0;9.19;0.0;"";"";"";"478";"2026-06-20 17:38:05";"cpu"
952;479;"no_change";6.32;70.5;8.53;0.0;"";"";"";"479";"2026-06-20 17:38:05";"cpu"
954;480;"scale_down";0.96;27.5;0.8;50.0;"";"";"";"480";"2026-06-20 17:38:05";"cpu"
956;481;"scale_down";1.74;29.67;2.76;50.0;"";"";"";"481";"2026-06-20 17:40:06";"cpu"
958;482;"scale_down";2.73;56.57;2.75;25.0;"";"";"";"482";"2026-06-20 17:40:06";"cpu"
960;483;"scale_down";3.06;37.47;5.71;50.0;"";"";"";"483";"2026-06-20 17:43:13";"cpu"
962;484;"scale_down";6.11;43.53;6.82;50.0;"";"";"";"484";"2026-06-20 17:43:13";"cpu"
964;485;"scale_down";2.1;41.23;3.65;50.0;"";"";"";"485";"2026-06-20 17:43:13";"cpu"
966;486;"scale_down";3.74;45.73;4.58;25.0;"";"";"";"486";"2026-06-20 17:44:57";"cpu"
968;487;"scale_down";0.53;17.37;0.1;50.0;"";"";"";"487";"2026-06-20 17:44:57";"cpu"
970;488;"scale_down";1.72;29.0;4.79;50.0;"";"";"";"488";"2026-06-20 17:47:58";"cpu"
972;489;"no_change";7.66;81.07;15.66;0.0;"";"";"";"489";"2026-06-20 17:47:58";"cpu"
974;490;"scale_down";2.5;38.47;1.13;50.0;"";"";"";"490";"2026-06-20 17:47:58";"cpu"
976;491;"scale_down";4.08;30.1;5.16;50.0;"";"";"";"491";"2026-06-20 17:49:50";"cpu"
978;492;"scale_down";9.15;59.6;9.39;25.0;"";"";"";"492";"2026-06-20 17:49:50";"cpu"
980;493;"no_change";9.57;82.2;17.02;0.0;"";"";"";"493";"2026-06-20 17:52:51";"cpu"
982;494;"no_change";5.24;76.4;9.67;0.0;"";"";"";"494";"2026-06-20 17:52:51";"cpu"
984;495;"scale_down";0.27;22.07;0.53;50.0;"";"";"";"495";"2026-06-20 17:52:51";"cpu"
986;496;"scale_down";2.23;42.87;2.17;50.0;"";"";"";"496";"2026-06-20 17:54:46";"cpu"
988;497;"no_change";5.42;65.57;10.83;0.0;"";"";"";"497";"2026-06-20 17:54:46";"cpu"
990;498;"no_change";2.76;68.7;8.27;0.0;"";"";"";"498";"2026-06-20 17:57:40";"cpu"
992;499;"no_change";3.13;73.73;5.33;0.0;"";"";"";"499";"2026-06-20 17:57:40";"cpu"
994;500;"no_change";24.67;94.03;29.11;0.0;"";"";"";"500";"2026-06-20 17:57:40";"cpu"
996;501;"no_change";13.84;90.3;25.13;0.0;"";"";"";"501";"2026-06-20 17:59:11";"cpu"
998;502;"scale_down";1.27;15.83;2.77;50.0;"";"";"";"502";"2026-06-20 17:59:11";"cpu"
1000;503;"scale_down";2.97;46.5;4.84;25.0;"";"";"";"503";"2026-06-20 18:00:59";"cpu"
1002;504;"scale_down";1.46;48.47;2.27;25.0;"";"";"";"504";"2026-06-20 18:00:59";"cpu"
